Method,Top-n accuracy,Correct in top-n,Improvement_vs_Random,Normalized_over_Coverage
AA,0.35764158262218776,1383,717.4141245681918,0.4871433603381472
n2v_cos_p1_q05,0.2779932764416861,1075,557.6429384749141,0.3786544557942938
n2v_dot_p1_q05,0.24308249288854408,940,487.61336015480856,0.33110250088059173
