Method,q,Top-n accuracy,Correct in top-n,Improvement_vs_Random,Normalized_over_Coverage
n2v_dot_p1_q10,1.0,0.2456684768554435,950,492.80073632666824,0.3346248679112363
n2v_dot_p1_q05,0.5,0.24308249288854408,940,487.61336015480856,0.33110250088059173
n2v_dot_p1_q20,2.0,0.24101370571502456,932,483.46345921732086,0.32828460725607606
